Height (inches) (247),Weight (247),GP - Senior (Rush),Car - Senior (Rush),Yds - Senior (Rush),Avg - Senior (Rush),Y/G - Senior (Rush),Lng - Senior (Rush),100+ - Senior (Rush),TD - Senior (Rush),GP - Junior (Rush),Car - Junior (Rush),Yds - Junior (Rush),Avg - Junior (Rush),Y/G - Junior (Rush),Lng - Junior (Rush),100+ - Junior (Rush),TD - Junior (Rush),GP - Sophomore (Rush),Car - Sophomore (Rush),Yds - Sophomore (Rush),Avg - Sophomore (Rush),Y/G - Sophomore (Rush),Lng - Sophomore (Rush),100+ - Sophomore (Rush),TD - Sophomore (Rush),GP - Senior (Rec),Rec - Senior,Yds - Senior (Rec),Avg - Senior (Rec),Y/G - Senior (Rec),Lng - Senior (Rec),TD - Senior (Rec),GP - Junior (Rec),Rec - Junior,Yds - Junior (Rec),Avg - Junior (Rec),Y/G - Junior (Rec),Lng - Junior (Rec),TD - Junior (Rec),GP - Sophomore (Rec),Rec - Sophomore,Yds - Sophomore (Rec),Avg - Sophomore (Rec),Y/G - Sophomore (Rec),Lng - Sophomore (Rec),TD - Sophomore (Rec)
73.0,210,11.0,148.0,2086.0,14.1,189.6,90.0,10.0,34.0,11.0,175.0,1693.0,9.7,153.9,77.0,9.0,26.0,12.0,260.0,2159.0,8.3,179.9,80.0,10.0,41.0,11.0,7.0,233.0,33.3,21.2,66.0,3.0,11.0,2.0,21.0,10.5,1.9,17.0,1.0,12.0,4.0,49.0,12.3,4.1,25.0,2.0
72.5,218,13.0,136.0,1423.0,10.5,109.5,80.0,5.0,20.0,11.0,161.0,1261.0,7.8,114.6,61.0,6.0,14.0,10.0,83.0,812.0,9.8,81.2,0.0,4.0,6.0,13.0,15.0,249.0,16.6,19.2,45.0,2.0,11.0,18.0,190.0,10.6,17.3,0.0,1.0,10.0,20.0,377.0,18.9,37.7,0.0,5.0
72.0,205,10.0,258.0,2048.0,7.9,204.8,91.0,9.0,23.0,10.0,211.0,1606.0,7.6,160.6,77.0,8.0,19.0,8.0,108.0,713.0,6.6,89.1,39.0,3.0,5.0,10.0,2.0,30.0,15.0,3.0,16.0,1.0,10.0,6.0,100.0,16.7,10.0,46.0,1.0,8.0,2.0,48.0,24.0,6.0,0.0,0.0
69.0,174,3.0,13.0,108.0,8.3,36.0,22.0,0.0,0.0,11.0,192.0,1249.0,6.5,113.5,97.0,6.0,23.0,1.0,1.0,1.0,1.0,1.0,1.0,0.0,0.0,3.0,6.0,108.0,18.0,36.0,49.0,1.0,11.0,8.0,93.0,11.6,8.5,34.0,0.0,1.0,3.0,62.0,20.7,62.0,0.0,0.0
69.0,178,10.0,206.0,1314.0,6.4,131.4,40.0,7.0,15.0,10.0,206.0,1292.0,6.3,129.2,0.0,7.0,14.0,,,,,,,,,10.0,14.0,115.0,8.2,11.5,0.0,0.0,10.0,3.0,47.0,15.7,4.7,0.0,0.0,,,,,,,
72.0,184,1.0,10.0,99.0,9.9,99.0,35.0,0.0,2.0,1.0,9.0,48.0,5.3,48.0,16.0,0.0,0.0,8.0,51.0,287.0,5.6,35.9,28.0,0.0,3.0,1.0,1.0,22.0,22.0,22.0,22.0,0.0,,,,,,,,8.0,1.0,16.0,16.0,2.0,16.0,0.0
70.0,185,10.0,193.0,1186.0,6.1,118.6,40.0,6.0,18.0,11.0,40.0,400.0,10.0,36.4,79.0,0.0,3.0,,,,,,,,,10.0,16.0,306.0,19.1,30.6,74.0,3.0,11.0,17.0,157.0,9.2,14.3,34.0,2.0,,,,,,,
72.5,192,,,,,,,,,9.0,165.0,1121.0,6.8,124.6,58.0,6.0,12.0,6.0,45.0,412.0,9.2,68.7,59.0,1.0,2.0,,,,,,,,9.0,11.0,220.0,20.0,24.4,82.0,4.0,6.0,2.0,43.0,21.5,7.2,35.0,1.0
69.0,170,16.0,201.0,2266.0,11.3,141.6,97.0,13.0,40.0,16.0,127.0,1361.0,10.7,85.1,92.0,7.0,30.0,13.0,79.0,1196.0,15.1,92.0,85.0,5.0,18.0,16.0,38.0,768.0,20.2,48.0,89.0,10.0,16.0,26.0,642.0,24.7,40.1,86.0,7.0,13.0,32.0,594.0,18.6,45.7,67.0,5.0
72.5,201,11.0,190.0,1343.0,7.1,122.1,66.0,7.0,18.0,12.0,198.0,1285.0,6.5,107.1,43.0,8.0,23.0,10.0,66.0,545.0,8.3,54.5,44.0,2.0,8.0,11.0,11.0,101.0,9.2,9.2,41.0,0.0,12.0,15.0,313.0,20.9,26.1,74.0,4.0,,,,,,,
71.0,192,12.0,185.0,1265.0,6.8,105.4,53.0,6.0,25.0,8.0,81.0,534.0,6.6,66.8,41.0,1.0,3.0,12.0,47.0,358.0,7.6,29.8,34.0,0.0,4.0,12.0,6.0,137.0,22.8,11.4,58.0,3.0,8.0,8.0,175.0,21.9,21.9,64.0,2.0,,,,,,,
71.0,200,9.0,128.0,976.0,7.6,108.4,80.0,5.0,11.0,,,,,,,,,12.0,81.0,532.0,6.6,44.3,0.0,1.0,5.0,9.0,8.0,157.0,19.6,17.4,55.0,1.0,,,,,,,,12.0,10.0,95.0,9.5,7.9,0.0,1.0
70.0,195,13.0,254.0,2797.0,11.0,215.2,80.0,13.0,41.0,14.0,269.0,3270.0,12.2,233.6,87.0,13.0,46.0,11.0,74.0,705.0,9.5,64.1,84.0,3.0,13.0,13.0,14.0,280.0,20.0,21.5,62.0,3.0,14.0,13.0,218.0,16.8,15.6,61.0,2.0,11.0,7.0,73.0,10.4,6.6,40.0,0.0
69.0,187,13.0,145.0,1489.0,10.3,114.5,68.0,8.0,22.0,12.0,120.0,1210.0,10.1,100.8,87.0,5.0,13.0,12.0,105.0,691.0,6.6,57.6,43.0,0.0,8.0,13.0,14.0,253.0,18.1,19.5,66.0,1.0,12.0,7.0,170.0,24.3,14.2,56.0,1.0,12.0,11.0,280.0,25.5,23.3,96.0,3.0
71.0,190,13.0,261.0,1941.0,7.4,149.3,0.0,9.0,25.0,16.0,241.0,1685.0,7.0,105.3,54.0,6.0,20.0,14.0,57.0,293.0,5.1,20.9,39.0,0.0,4.0,13.0,10.0,130.0,13.0,10.0,0.0,1.0,16.0,16.0,277.0,17.3,17.3,42.0,3.0,14.0,6.0,69.0,11.5,4.9,28.0,2.0
72.0,200,11.0,126.0,2235.0,17.7,203.2,92.0,10.0,38.0,13.0,170.0,2400.0,14.1,184.6,99.0,11.0,35.0,13.0,189.0,2023.0,10.7,155.6,65.0,10.0,26.0,11.0,12.0,314.0,26.2,28.5,86.0,3.0,13.0,10.0,153.0,15.3,11.8,56.0,1.0,13.0,8.0,136.0,17.0,10.5,50.0,3.0
71.0,191,9.0,12.0,233.0,19.4,25.9,52.0,2.0,10.0,163.0,1431.0,8.8,143.1,79.0,7.0,20.0,11.0,134.0,897.0,6.7,81.5,55.0,4.0,10.0,,11.0,15.0,138.0,9.2,12.5,13.0,0.0,10.0,20.0,192.0,9.6,19.2,58.0,1.0,11.0,10.0,129.0,12.9,11.7,45.0,1.0
74.0,215,11.0,215.0,1770.0,8.2,160.9,63.0,9.0,13.0,15.0,265.0,2049.0,7.7,136.6,67.0,12.0,23.0,10.0,82.0,844.0,10.3,84.4,75.0,4.0,23.0,11.0,15.0,171.0,11.4,15.5,36.0,0.0,15.0,27.0,169.0,6.3,11.3,48.0,1.0,10.0,8.0,88.0,11.0,8.8,19.0,0.0
72.0,208,10.0,194.0,2805.0,14.5,280.5,99.0,10.0,34.0,11.0,207.0,1806.0,8.7,164.2,83.0,8.0,20.0,,,,,,,,,10.0,1.0,17.0,17.0,1.7,0.0,0.0,11.0,4.0,62.0,15.5,5.6,21.0,0.0,,,,,,,
69.0,175,10.0,143.0,920.0,6.4,92.0,68.0,4.0,9.0,8.0,56.0,243.0,4.3,30.4,33.0,0.0,2.0,5.0,7.0,49.0,7.0,9.8,37.0,0.0,0.0,10.0,48.0,880.0,18.3,88.0,70.0,9.0,8.0,20.0,311.0,15.6,38.9,80.0,2.0,5.0,1.0,20.0,20.0,4.0,20.0,0.0
71.0,197,11.0,136.0,1350.0,9.9,122.7,73.0,7.0,20.0,10.0,139.0,1082.0,7.8,108.2,70.0,6.0,14.0,11.0,58.0,493.0,8.5,44.8,74.0,1.0,7.0,11.0,13.0,182.0,14.0,16.5,33.0,3.0,10.0,17.0,147.0,8.6,14.7,38.0,1.0,11.0,8.0,112.0,14.0,10.2,55.0,0.0
71.0,195,10.0,95.0,1508.0,15.9,150.8,93.0,10.0,26.0,10.0,129.0,1416.0,11.0,141.6,89.0,6.0,19.0,,,,,,,,,10.0,2.0,22.0,11.0,2.2,17.0,1.0,10.0,2.0,39.0,19.5,3.9,29.0,1.0,,,,,,,
69.5,194,12.0,241.0,2499.0,10.4,208.3,98.0,12.0,40.0,13.0,323.0,3151.0,9.8,242.4,91.0,12.0,45.0,14.0,230.0,2215.0,9.6,158.2,80.0,12.0,38.0,12.0,4.0,50.0,12.5,4.2,26.0,1.0,13.0,11.0,268.0,24.4,20.6,72.0,3.0,14.0,10.0,219.0,21.9,15.6,74.0,4.0
71.0,190,2.0,56.0,343.0,6.1,171.5,51.0,2.0,4.0,3.0,104.0,760.0,7.3,253.3,80.0,3.0,9.0,,,,,,,,,2.0,2.0,12.0,6.0,6.0,9.0,0.0,,,,,,,,,,,,,,
71.5,200,9.0,233.0,1669.0,7.2,185.4,50.0,7.0,25.0,11.0,264.0,1660.0,6.3,150.9,56.0,8.0,26.0,10.0,175.0,1401.0,8.0,140.1,88.0,8.0,15.0,9.0,10.0,139.0,13.9,15.4,0.0,0.0,11.0,11.0,278.0,25.3,25.3,59.0,1.0,10.0,7.0,119.0,17.0,11.9,34.0,0.0
66.0,166,1.0,21.0,142.0,6.8,142.0,33.0,1.0,0.0,8.0,165.0,1383.0,8.4,172.9,70.0,7.0,13.0,1.0,5.0,29.0,5.8,29.0,27.0,0.0,1.0,1.0,7.0,125.0,17.9,125.0,51.0,3.0,8.0,9.0,142.0,15.8,17.8,40.0,1.0,,,,,,,
72.0,215,13.0,220.0,2127.0,9.7,163.6,0.0,0.0,29.0,12.0,201.0,2082.0,10.4,173.5,0.0,0.0,32.0,,,,,,,,,13.0,20.0,588.0,29.4,45.2,0.0,8.0,12.0,12.0,130.0,10.8,10.8,0.0,3.0,,,,,,,
69.5,191,8.0,200.0,1326.0,6.6,165.8,58.0,2.0,16.0,11.0,175.0,1205.0,6.9,109.5,61.0,7.0,17.0,11.0,118.0,877.0,7.4,79.7,60.0,4.0,8.0,8.0,14.0,270.0,19.3,33.8,63.0,7.0,11.0,22.0,411.0,18.7,37.4,53.0,6.0,11.0,28.0,377.0,13.5,34.3,37.0,3.0
73.0,190,,,,,,,,,1.0,4.0,25.0,6.3,25.0,15.0,0.0,0.0,2.0,8.0,32.0,4.0,16.0,7.0,0.0,1.0,,,,,,,,1.0,4.0,48.0,12.0,48.0,27.0,0.0,,,,,,,
73.0,224,10.0,126.0,781.0,6.2,78.1,52.0,2.0,14.0,1.0,20.0,62.0,3.1,62.0,14.0,0.0,1.0,,,,,,,,,10.0,20.0,223.0,11.2,22.3,32.0,1.0,1.0,1.0,12.0,12.0,12.0,12.0,0.0,,,,,,,
71.0,205,11.0,227.0,2123.0,9.4,193.0,69.0,11.0,32.0,10.0,243.0,1686.0,6.9,168.6,83.0,9.0,20.0,14.0,308.0,2060.0,6.7,147.1,85.0,11.0,33.0,11.0,4.0,124.0,31.0,11.3,74.0,1.0,10.0,20.0,248.0,12.4,24.8,77.0,1.0,14.0,13.0,148.0,11.4,10.6,42.0,0.0
71.0,195,12.0,231.0,2470.0,10.7,205.8,89.0,10.0,29.0,11.0,234.0,1635.0,7.0,148.6,57.0,8.0,17.0,11.0,149.0,981.0,6.6,89.2,43.0,4.0,10.0,12.0,9.0,114.0,12.7,9.5,25.0,0.0,11.0,29.0,213.0,7.3,19.4,16.0,3.0,11.0,3.0,28.0,9.3,2.5,0.0,1.0
71.0,210,13.0,192.0,1622.0,8.4,124.8,76.0,0.0,27.0,15.0,213.0,1443.0,6.8,96.2,53.0,0.0,28.0,9.0,44.0,400.0,9.1,44.4,47.0,0.0,8.0,,,,,,,,15.0,2.0,46.0,23.0,3.1,32.0,0.0,9.0,2.0,21.0,10.5,2.3,21.0,0.0
71.0,195,15.0,22.0,159.0,7.2,10.6,80.0,0.0,2.0,9.0,13.0,82.0,6.3,9.1,30.0,0.0,0.0,15.0,49.0,344.0,7.0,22.9,27.0,1.0,2.0,15.0,42.0,827.0,19.7,55.1,80.0,8.0,9.0,17.0,271.0,15.9,30.1,55.0,3.0,15.0,5.0,109.0,21.8,7.3,66.0,1.0
70.5,187,13.0,259.0,2252.0,8.7,173.2,82.0,10.0,39.0,13.0,346.0,2558.0,7.4,196.8,80.0,12.0,31.0,13.0,209.0,1348.0,6.5,103.7,69.0,6.0,22.0,13.0,1.0,21.0,21.0,1.6,21.0,1.0,13.0,5.0,121.0,24.2,9.3,66.0,2.0,13.0,7.0,104.0,14.9,8.0,60.0,2.0
71.0,229,11.0,257.0,1556.0,6.1,141.5,63.0,8.0,22.0,10.0,285.0,1680.0,5.9,168.0,53.0,7.0,16.0,5.0,90.0,451.0,5.0,90.2,58.0,2.0,3.0,11.0,6.0,140.0,23.3,12.7,45.0,2.0,10.0,7.0,40.0,5.7,4.0,18.0,0.0,5.0,1.0,5.0,5.0,1.0,5.0,0.0
73.0,190,2.0,24.0,217.0,9.0,108.5,65.0,1.0,3.0,14.0,292.0,2045.0,7.0,146.1,60.0,13.0,29.0,11.0,74.0,637.0,8.6,57.9,83.0,2.0,7.0,2.0,3.0,23.0,7.7,11.5,0.0,0.0,14.0,43.0,452.0,10.5,32.3,72.0,2.0,11.0,14.0,189.0,13.5,17.2,25.0,2.0
73.0,200,6.0,98.0,973.0,9.9,162.2,91.0,4.0,12.0,8.0,148.0,1020.0,6.9,127.5,0.0,5.0,12.0,6.0,57.0,346.0,6.07,57.7,0.0,6.0,6.0,6.0,14.0,189.0,13.5,31.5,27.0,2.0,8.0,19.0,254.0,13.4,31.8,14.0,2.0,6.0,16.0,180.0,11.25,30.0,67.0,1.0
71.0,190,,,,,,,,,10.0,120.0,1107.0,9.2,110.7,66.0,3.0,15.0,10.0,113.0,273.0,2.4,27.3,56.0,0.0,4.0,,,,,,,,,,,,,,,10.0,3.0,31.0,10.3,3.1,-5.0,0.0
75.0,221,13.0,243.0,2215.0,9.1,170.4,82.0,11.0,34.0,14.0,163.0,1030.0,6.3,73.6,78.0,4.0,14.0,7.0,12.0,128.0,10.7,18.3,33.0,0.0,2.0,13.0,17.0,283.0,16.6,21.8,64.0,5.0,14.0,14.0,177.0,12.6,12.6,64.0,0.0,,,,,,,
75.0,226,13.0,291.0,2776.0,9.5,213.5,89.0,12.0,34.0,12.0,243.0,2744.0,11.3,228.7,80.0,12.0,36.0,11.0,271.0,2263.0,8.4,205.7,68.0,10.0,23.0,13.0,15.0,260.0,17.3,20.0,0.0,2.0,12.0,5.0,129.0,25.8,10.8,77.0,3.0,11.0,5.0,49.0,9.8,4.5,0.0,0.0
71.0,210,13.0,211.0,2459.0,11.7,189.2,95.0,12.0,35.0,,,,,,,,,6.0,99.0,733.0,7.4,122.2,56.0,4.0,11.0,13.0,3.0,71.0,23.7,5.5,51.0,2.0,,,,,,,,6.0,4.0,119.0,29.8,19.8,56.0,1.0
71.0,195,15.0,159.0,2287.0,14.4,152.5,80.0,11.0,27.0,16.0,59.0,702.0,11.9,43.9,80.0,2.0,11.0,16.0,32.0,162.0,5.1,10.1,22.0,0.0,3.0,15.0,13.0,363.0,27.9,24.2,69.0,5.0,16.0,9.0,298.0,33.1,18.6,75.0,5.0,,,,,,,
68.5,191,14.0,296.0,2536.0,8.6,181.1,72.0,12.0,41.0,3.0,46.0,532.0,11.6,177.3,70.0,2.0,8.0,12.0,90.0,744.0,8.3,62.0,44.0,2.0,12.0,14.0,37.0,410.0,11.1,29.3,58.0,2.0,3.0,3.0,84.0,28.0,28.0,55.0,1.0,12.0,20.0,337.0,16.9,28.1,80.0,5.0
72.0,182,10.0,158.0,1329.0,8.4,132.9,94.0,5.0,16.0,10.0,114.0,874.0,7.7,87.4,65.0,4.0,8.0,,,,,,,,,10.0,13.0,129.0,9.9,12.9,25.0,0.0,10.0,10.0,46.0,4.6,4.6,16.0,0.0,,,,,,,
71.5,235,4.0,57.0,335.0,5.9,83.8,34.0,2.0,2.0,11.0,179.0,1457.0,8.1,132.5,81.0,7.0,17.0,1.0,7.0,40.0,5.71,40.0,10.0,0.0,,4.0,4.0,33.0,8.3,8.3,12.0,0.0,11.0,12.0,238.0,19.8,21.6,54.0,0.0,,,,,,,
71.0,185,15.0,199.0,1834.0,9.2,122.3,68.0,9.0,32.0,12.0,142.0,1292.0,9.1,107.7,10.0,8.0,20.0,13.0,128.0,1292.0,10.1,99.4,76.0,7.0,21.0,,,,,,,,,,,,,,,,,,,,,
71.0,187,4.0,78.0,519.0,6.7,129.8,40.0,3.0,8.0,10.0,132.0,1309.0,9.9,130.9,79.0,8.0,19.0,11.0,74.0,480.0,6.5,43.6,38.0,0.0,9.0,4.0,9.0,58.0,6.4,14.5,14.0,0.0,10.0,5.0,147.0,29.4,14.7,48.0,4.0,11.0,5.0,122.0,24.4,11.1,25.0,3.0
71.0,186,10.0,188.0,1115.0,5.9,111.5,0.0,5.0,15.0,14.0,185.0,1249.0,6.8,89.2,0.0,5.0,18.0,11.0,99.0,530.0,5.35,48.2,70.0,7.0,0.0,10.0,40.0,511.0,12.8,51.1,0.0,4.0,14.0,51.0,676.0,13.3,48.3,0.0,10.0,11.0,37.0,440.0,11.89,40.0,69.0,5.0
70.0,170,8.0,166.0,1347.0,8.1,168.4,84.0,6.0,14.0,13.0,161.0,1277.0,7.9,98.2,78.0,5.0,15.0,11.0,53.0,326.0,6.15,29.6,66.0,3.0,3.0,8.0,23.0,391.0,17.0,48.9,80.0,2.0,13.0,26.0,560.0,21.5,43.1,81.0,7.0,11.0,18.0,159.0,8.83,14.5,19.0,0.0
70.0,195,10.0,118.0,861.0,7.3,86.1,78.0,3.0,9.0,10.0,116.0,929.0,8.0,92.9,62.0,4.0,15.0,10.0,51.0,337.0,6.61,33.7,50.0,3.0,3.0,10.0,9.0,130.0,14.4,13.0,34.0,1.0,10.0,14.0,261.0,18.6,26.1,74.0,1.0,10.0,6.0,90.0,15.0,9.0,45.0,0.0
72.0,190,10.0,214.0,1705.0,8.0,170.5,77.0,7.0,22.0,10.0,215.0,1242.0,5.8,124.2,74.0,5.0,15.0,1.0,1.0,6.0,6.0,6.0,0.0,0.0,0.0,10.0,6.0,77.0,12.8,7.7,22.0,2.0,10.0,12.0,96.0,8.0,9.6,22.0,2.0,,,,,,,
71.0,210,11.0,176.0,1750.0,9.9,159.1,77.0,8.0,24.0,12.0,201.0,1750.0,8.7,145.8,68.0,8.0,18.0,5.0,38.0,277.0,7.3,55.4,76.0,1.0,4.0,11.0,14.0,278.0,19.9,25.3,46.0,1.0,12.0,21.0,336.0,16.0,28.0,68.0,3.0,5.0,5.0,47.0,9.4,9.4,16.0,0.0
70.0,188,14.0,205.0,1861.0,9.1,132.9,90.0,11.0,34.0,12.0,212.0,1327.0,6.3,110.6,72.0,5.0,16.0,11.0,154.0,891.0,5.8,81.0,80.0,5.0,7.0,14.0,23.0,372.0,16.2,26.6,81.0,3.0,12.0,16.0,161.0,10.1,13.4,38.0,1.0,11.0,13.0,121.0,9.3,11.0,33.0,1.0
72.0,211,12.0,227.0,2824.0,12.4,235.3,82.0,12.0,35.0,7.0,145.0,1095.0,7.6,156.4,50.0,6.0,8.0,,,,,,,,,12.0,3.0,99.0,33.0,8.3,76.0,1.0,7.0,6.0,104.0,17.3,14.9,54.0,1.0,,,,,,,
71.0,213,15.0,242.0,2105.0,8.7,140.3,0.0,12.0,34.0,11.0,169.0,1418.0,8.4,128.9,0.0,6.0,16.0,12.0,166.0,896.0,5.4,74.7,56.0,4.0,17.0,,,,,,,,,,,,,,,12.0,2.0,-3.0,-1.5,-0.3,1.0,0.0
70.0,205,,,,,,,,,9.0,50.0,305.0,6.1,33.9,49.0,1.0,3.0,8.0,18.0,156.0,8.67,19.5,43.0,1.0,1.0,,,,,,,,9.0,6.0,50.0,8.3,5.6,21.0,2.0,8.0,3.0,54.0,18.0,6.8,44.0,0.0
70.0,185,10.0,187.0,1469.0,7.9,146.9,78.0,6.0,16.0,9.0,85.0,434.0,5.11,48.2,34.0,6.0,6.0,,,,,,,,,10.0,19.0,352.0,18.5,35.2,60.0,6.0,9.0,11.0,175.0,15.91,19.4,60.0,3.0,,,,,,,
71.0,210,1.0,15.0,214.0,14.3,214.0,79.0,1.0,3.0,10.0,216.0,1416.0,6.6,141.6,0.0,7.0,16.0,9.0,118.0,554.0,4.7,61.6,0.0,0.0,0.0,,,,,,,,10.0,13.0,255.0,19.6,25.5,0.0,2.0,9.0,14.0,65.0,4.64,7.2,0.0,0.0
69.0,203,,,,,,,,,4.0,14.0,99.0,7.1,24.8,17.0,0.0,1.0,1.0,6.0,77.0,12.83,77.0,0.0,1.0,1.0,,,,,,,,4.0,9.0,109.0,12.1,27.3,14.0,0.0,,,,,,,
70.5,191,13.0,129.0,1201.0,9.3,92.4,88.0,6.0,15.0,14.0,155.0,1139.0,7.3,81.4,51.0,0.0,13.0,12.0,11.0,92.0,8.4,7.7,53.0,0.0,1.0,13.0,3.0,105.0,35.0,8.1,58.0,1.0,14.0,14.0,147.0,10.5,10.5,54.0,1.0,12.0,45.0,523.0,11.6,43.6,54.0,5.0
70.0,175,13.0,67.0,938.0,14.0,72.2,30.0,4.0,11.0,7.0,13.0,118.0,9.1,16.9,0.0,0.0,1.0,,,,,,,,,13.0,4.0,35.0,8.8,2.7,0.0,0.0,7.0,1.0,14.0,14.0,2.0,0.0,0.0,,,,,,,
69.5,204,13.0,359.0,2587.0,7.2,199.0,68.0,12.0,28.0,,,,,,,,,9.0,246.0,1559.0,6.3,173.2,0.0,8.0,18.0,13.0,5.0,72.0,14.4,5.5,21.0,1.0,,,,,,,,9.0,5.0,95.0,19.0,10.6,0.0,1.0
68.5,167,12.0,243.0,2574.0,10.6,214.5,90.0,12.0,31.0,3.0,66.0,711.0,10.8,237.0,66.0,3.0,9.0,,,,,,,,,12.0,4.0,18.0,4.5,1.5,8.0,0.0,3.0,1.0,25.0,25.0,8.3,25.0,0.0,,,,,,,
70.0,200,,,,,,,,,7.0,115.0,951.0,8.3,135.9,76.0,3.0,14.0,10.0,149.0,1325.0,8.89,132.5,46.0,12.0,12.0,,,,,,,,7.0,6.0,145.0,24.2,20.7,77.0,0.0,10.0,11.0,91.0,8.27,9.1,14.0,1.0
69.0,175,15.0,293.0,2253.0,7.7,150.2,84.0,12.0,32.0,15.0,286.0,2024.0,7.08,134.9,80.0,24.0,24.0,15.0,253.0,1436.0,5.68,95.7,75.0,12.0,12.0,15.0,7.0,92.0,13.1,6.1,5.0,0.0,15.0,15.0,244.0,16.27,16.3,76.0,4.0,15.0,16.0,214.0,13.38,14.3,53.0,3.0
71.0,205,7.0,100.0,1507.0,15.1,215.3,0.0,6.0,23.0,12.0,220.0,2621.0,11.91,218.4,0.0,38.0,38.0,10.0,152.0,1782.0,11.72,178.2,0.0,37.0,37.0,7.0,1.0,5.0,5.0,0.7,0.0,0.0,12.0,8.0,37.0,4.63,3.1,0.0,1.0,10.0,5.0,176.0,35.2,17.6,0.0,3.0
71.0,200,10.0,151.0,2057.0,13.6,205.7,99.0,9.0,22.0,10.0,161.0,2017.0,12.5,201.7,77.0,8.0,26.0,10.0,72.0,492.0,6.83,49.2,25.0,5.0,5.0,10.0,14.0,296.0,21.1,29.6,69.0,3.0,10.0,15.0,419.0,27.9,41.9,70.0,2.0,10.0,12.0,238.0,19.83,23.8,60.0,3.0
70.0,180,16.0,206.0,2304.0,11.2,144.0,0.0,12.0,33.0,16.0,181.0,1914.0,10.58,119.6,89.0,24.0,24.0,11.0,110.0,977.0,8.88,88.8,79.0,11.0,11.0,16.0,12.0,268.0,22.3,16.8,0.0,4.0,16.0,6.0,102.0,17.0,6.4,51.0,2.0,11.0,2.0,105.0,52.5,9.5,45.0,1.0
69.5,180,11.0,196.0,1938.0,9.9,176.2,98.0,10.0,32.0,10.0,219.0,1426.0,6.5,142.6,50.0,7.0,22.0,,,,,,,,,11.0,12.0,103.0,8.6,9.4,20.0,0.0,10.0,9.0,129.0,14.3,12.9,0.0,2.0,,,,,,,
71.0,200,12.0,247.0,1826.0,7.4,152.2,0.0,9.0,26.0,13.0,295.0,2077.0,7.0,159.8,0.0,7.0,26.0,11.0,68.0,501.0,7.37,45.5,46.0,8.0,8.0,12.0,27.0,264.0,9.8,22.0,0.0,3.0,13.0,13.0,291.0,22.4,22.4,0.0,2.0,11.0,3.0,32.0,10.67,2.9,14.0,0.0
73.0,225,11.0,217.0,1465.0,6.75,133.2,85.0,,22.0,11.0,240.0,1876.0,7.82,170.5,81.0,,25.0,11.0,87.0,803.0,9.23,73.0,75.0,,8.0,11.0,3.0,16.0,5.33,1.5,12.0,0.0,11.0,9.0,116.0,12.89,10.5,39.0,1.0,11.0,5.0,85.0,17.0,7.7,46.0,1.0
69.0,185,1.0,22.0,148.0,6.7,148.0,35.0,1.0,0.0,2.0,15.0,321.0,21.4,160.5,62.0,1.0,1.0,,,,,,,,,1.0,3.0,35.0,11.7,35.0,13.0,0.0,2.0,4.0,102.0,25.5,51.0,46.0,0.0,,,,,,,
71.0,195,10.0,211.0,1315.0,6.2,131.5,91.0,6.0,11.0,10.0,126.0,1176.0,9.3,117.6,0.0,4.0,18.0,10.0,106.0,729.0,6.88,72.9,75.0,12.0,12.0,10.0,13.0,220.0,16.9,22.0,71.0,2.0,10.0,12.0,237.0,19.8,23.7,0.0,4.0,10.0,3.0,81.0,27.0,8.1,57.0,2.0
72.5,204,16.0,251.0,2485.0,9.9,155.3,80.0,11.0,36.0,12.0,211.0,1910.0,9.05,159.2,97.0,33.0,33.0,,,,,,,,,16.0,3.0,60.0,20.0,3.8,44.0,0.0,12.0,14.0,261.0,18.64,21.8,55.0,6.0,,,,,,,
68.0,165,1.0,26.0,223.0,8.6,223.0,63.0,1.0,1.0,6.0,60.0,320.0,5.33,53.3,47.0,3.0,3.0,9.0,72.0,286.0,3.97,31.8,49.0,3.0,3.0,,,,,,,,6.0,1.0,22.0,22.0,3.7,22.0,0.0,,,,,,,
72.0,185,14.0,216.0,2504.0,11.59,178.9,91.0,,41.0,11.0,176.0,1872.0,10.64,170.2,91.0,,30.0,6.0,104.0,748.0,7.19,124.7,36.0,,9.0,14.0,21.0,665.0,31.67,47.5,58.0,10.0,11.0,12.0,383.0,31.92,34.8,74.0,7.0,6.0,9.0,161.0,17.89,26.8,0.0,4.0
71.0,205,15.0,214.0,1840.0,8.6,122.7,84.0,,24.0,11.0,130.0,1264.0,9.72,114.9,82.0,,18.0,,,,,,,,,15.0,9.0,237.0,26.33,15.8,80.0,3.0,11.0,18.0,232.0,12.89,21.1,33.0,0.0,,,,,,,
72.0,185,13.0,240.0,2009.0,8.4,154.5,83.0,8.0,28.0,12.0,244.0,2406.0,9.86,200.5,85.0,,39.0,8.0,57.0,395.0,6.93,49.4,51.0,,6.0,13.0,4.0,48.0,12.0,3.7,20.0,0.0,12.0,2.0,18.0,9.0,1.5,10.0,0.0,8.0,1.0,6.0,6.0,0.8,6.0,0.0
71.5,215,12.0,256.0,2824.0,11.03,235.3,94.0,,41.0,12.0,201.0,2482.0,12.35,206.8,94.0,,34.0,12.0,162.0,2075.0,12.81,172.9,78.0,,35.0,12.0,8.0,116.0,14.5,9.7,68.0,2.0,12.0,10.0,137.0,13.7,11.4,63.0,2.0,12.0,14.0,153.0,10.93,12.8,49.0,2.0
69.0,187,,,,,,,,,14.0,306.0,3160.0,10.33,225.7,83.0,,49.0,14.0,95.0,750.0,7.9,53.6,68.0,,14.0,,,,,,,,14.0,29.0,599.0,20.66,42.8,79.0,9.0,14.0,21.0,304.0,14.48,21.7,90.0,4.0
70.0,179,,,,,,,,,13.0,85.0,582.0,6.8,44.8,75.0,4.0,20.0,14.0,100.0,871.0,8.71,62.2,44.0,,14.0,,,,,,,,13.0,6.0,116.0,19.3,8.9,30.0,3.0,14.0,7.0,118.0,16.86,8.4,30.0,2.0
74.0,215,11.0,206.0,1943.0,9.43,176.6,76.0,,25.0,6.0,42.0,245.0,5.83,40.8,25.0,,3.0,10.0,70.0,502.0,7.17,50.2,86.0,,7.0,11.0,16.0,360.0,22.5,32.7,66.0,6.0,6.0,13.0,193.0,14.85,32.2,65.0,5.0,10.0,11.0,118.0,10.73,11.8,36.0,1.0
74.0,225,8.0,108.0,1118.0,10.35,139.8,74.0,,16.0,1.0,0.0,214.0,0.0,214.0,0.0,,3.0,,,,,,,,,8.0,10.0,131.0,13.1,16.4,30.0,3.0,,,,,,,,,,,,,,
74.0,231,12.0,39.0,189.0,4.85,15.8,25.0,,1.0,13.0,42.0,93.0,2.21,7.2,19.0,,3.0,5.0,16.0,91.0,5.69,18.2,20.0,,0.0,,,,,,,,,,,,,,,,,,,,,
71.0,180,11.0,348.0,3171.0,9.11,288.3,0.0,,38.0,14.0,421.0,2612.0,6.2,186.6,0.0,,0.0,,,,,,,,,11.0,16.0,220.0,13.75,20.0,0.0,1.0,,,,,,,,,,,,,,
73.0,226,8.0,142.0,1166.0,8.21,145.8,0.0,,10.0,13.0,196.0,2135.0,10.89,164.2,0.0,,31.0,,,,,,,,,8.0,14.0,251.0,17.93,31.4,0.0,5.0,13.0,0.0,0.0,0.0,0.0,0.0,3.0,,,,,,,
72.0,195,14.0,157.0,1863.0,11.87,133.1,98.0,,27.0,14.0,156.0,1390.0,8.91,99.3,97.0,,23.0,13.0,113.0,1153.0,10.2,88.7,63.0,,22.0,14.0,39.0,721.0,18.49,51.5,75.0,16.0,14.0,55.0,665.0,12.09,47.5,87.0,14.0,13.0,25.0,657.0,26.28,50.5,87.0,10.0
74.0,195,11.0,226.0,1704.0,7.54,154.9,76.0,,23.0,12.0,201.0,1443.0,7.18,120.3,65.0,,21.0,12.0,171.0,1134.0,6.63,94.5,0.0,,13.0,11.0,12.0,205.0,17.08,18.6,0.0,3.0,12.0,18.0,383.0,21.28,31.9,47.0,7.0,12.0,7.0,94.0,13.43,7.8,0.0,0.0
75.0,235,13.0,155.0,1680.0,10.84,129.2,54.0,,21.0,11.0,41.0,267.0,6.51,24.3,28.0,,3.0,,,,,,,,,13.0,13.0,168.0,12.92,12.9,27.0,4.0,11.0,4.0,75.0,18.75,6.8,43.0,1.0,,,,,,,
70.0,180,7.0,132.0,849.0,6.4,121.3,65.0,4.0,10.0,10.0,180.0,1027.0,5.7,102.7,57.0,3.0,12.0,12.0,204.0,1379.0,6.8,114.9,75.0,7.0,19.0,7.0,4.0,76.0,19.0,10.9,33.0,0.0,10.0,1.0,28.0,28.0,2.8,0.0,0.0,12.0,5.0,52.0,10.4,4.3,0.0,2.0
72.0,180,12.0,222.0,1415.0,6.4,117.9,82.0,8.0,17.0,11.0,231.0,1527.0,6.6,138.8,84.0,9.0,15.0,,,,,,,,,12.0,20.0,390.0,19.5,32.5,70.0,3.0,11.0,6.0,102.0,17.0,9.3,38.0,1.0,,,,,,,
69.0,167,3.0,27.0,114.0,4.2,38.0,7.0,0.0,0.0,12.0,69.0,514.0,7.4,42.8,0.0,2.0,9.0,6.0,18.0,102.0,5.7,17.0,72.0,0.0,3.0,3.0,2.0,7.0,3.5,2.3,0.0,0.0,12.0,63.0,941.0,14.9,78.4,10.0,12.0,6.0,34.0,463.0,13.6,77.2,51.0,6.0
70.0,185,11.0,80.0,623.0,7.8,56.6,0.0,1.0,12.0,2.0,4.0,28.0,7.0,14.0,0.0,0.0,0.0,11.0,28.0,200.0,7.1,18.2,0.0,0.0,5.0,11.0,14.0,136.0,9.7,12.4,0.0,1.0,,,,,,,,11.0,3.0,52.0,17.3,4.7,0.0,0.0
70.0,190,15.0,281.0,2379.0,8.5,158.6,72.0,13.0,36.0,11.0,99.0,1012.0,10.2,92.0,73.0,3.0,11.0,,,,,,,,,15.0,9.0,210.0,23.3,14.0,59.0,2.0,11.0,3.0,34.0,11.3,3.1,22.0,0.0,,,,,,,
66.0,155,15.0,251.0,2149.0,8.6,143.3,60.0,13.0,41.0,12.0,192.0,1724.0,9.3,150.6,82.0,8.0,28.0,10.0,6.0,94.0,15.67,9.4,0.0,1.0,,15.0,18.0,208.0,11.6,13.9,0.0,2.0,11.0,4.0,46.0,11.5,4.2,0.0,0.0,,,,,,,
74.0,190,12.0,223.0,2031.0,9.1,169.3,81.0,11.0,30.0,11.0,106.0,887.0,8.4,80.6,96.0,2.0,12.0,13.0,151.0,943.0,6.2,72.5,99.0,4.0,15.0,12.0,25.0,601.0,24.0,50.1,78.0,8.0,11.0,6.0,82.0,13.7,7.5,40.0,1.0,13.0,12.0,146.0,12.2,11.2,46.0,2.0
71.0,200,3.0,33.0,164.0,5.0,54.7,26.0,1.0,1.0,15.0,126.0,954.0,7.6,63.6,72.0,3.0,20.0,6.0,20.0,167.0,8.4,27.8,50.0,0.0,2.0,3.0,3.0,15.0,5.0,5.0,9.0,0.0,15.0,5.0,81.0,16.2,5.4,34.0,1.0,,,,,,,
72.0,220,9.0,190.0,1821.0,9.6,202.3,80.0,9.0,25.0,13.0,224.0,2090.0,9.3,160.8,75.0,12.0,35.0,,,,,,,,,9.0,6.0,93.0,15.5,10.3,28.0,0.0,13.0,5.0,83.0,16.6,6.4,26.0,3.0,,,,,,,
68.0,181,13.0,295.0,2191.0,7.4,168.5,88.0,10.0,29.0,4.0,58.0,369.0,6.4,92.3,34.0,3.0,0.0,1.0,2.0,20.0,10.0,20.0,12.0,0.0,0.0,13.0,22.0,327.0,14.9,25.2,41.0,4.0,,,,,,,,,,,,,,
72.0,208,8.0,86.0,690.0,8.0,86.3,65.0,3.0,15.0,6.0,38.0,517.0,13.6,86.2,79.0,2.0,8.0,,,,,,,,,8.0,7.0,85.0,12.1,10.6,33.0,0.0,6.0,2.0,41.0,20.5,6.8,25.0,1.0,,,,,,,
71.5,195,12.0,103.0,1375.0,13.4,114.6,87.0,4.0,22.0,11.0,66.0,835.0,12.7,75.9,76.0,2.0,6.0,,,,,,,,,12.0,23.0,661.0,28.7,55.1,73.0,6.0,11.0,42.0,1109.0,26.4,100.8,82.0,11.0,,,,,,,
71.0,200,11.0,233.0,1797.0,7.7,163.4,92.0,9.0,28.0,11.0,166.0,1093.0,6.6,99.4,62.0,4.0,13.0,10.0,119.0,915.0,7.7,91.5,59.0,3.0,9.0,11.0,28.0,494.0,17.6,44.9,77.0,5.0,11.0,32.0,648.0,20.3,58.9,69.0,4.0,10.0,6.0,137.0,22.8,13.7,37.0,0.0
69.0,200,8.0,90.0,932.0,10.4,116.5,48.0,5.0,13.0,13.0,168.0,1673.0,9.96,128.7,78.0,,17.0,12.0,152.0,1170.0,7.7,97.5,55.0,,11.0,8.0,1.0,25.0,25.0,3.1,0.0,0.0,13.0,6.0,100.0,16.67,7.7,40.0,4.0,,,,,,,
70.0,201,8.0,121.0,1208.0,10.0,151.0,87.0,6.0,16.0,10.0,112.0,642.0,5.7,64.2,83.0,1.0,12.0,7.0,92.0,469.0,5.1,67.0,62.0,1.0,7.0,8.0,4.0,32.0,8.0,4.0,14.0,0.0,10.0,6.0,-10.0,-1.7,-1.0,1.0,0.0,7.0,1.0,32.0,32.0,4.6,32.0,0.0
67.0,174,11.0,155.0,1807.0,11.7,164.3,80.0,1.0,23.0,10.0,113.0,1213.0,10.7,121.3,98.0,6.0,10.0,,,,,,,,,11.0,1.0,65.0,65.0,5.9,65.0,0.0,10.0,9.0,141.0,15.7,14.1,0.0,1.0,,,,,,,
72.0,190,9.0,162.0,1271.0,7.8,141.2,98.0,5.0,11.0,13.0,187.0,1891.0,10.1,145.5,95.0,9.0,21.0,11.0,65.0,441.0,6.8,40.1,76.0,2.0,8.0,,,,,,,,,,,,,,,,,,,,,
72.0,205,13.0,152.0,2147.0,14.1,165.2,68.0,11.0,30.0,11.0,118.0,1339.0,11.3,121.7,98.0,7.0,15.0,9.0,63.0,539.0,8.6,59.9,70.0,2.0,3.0,,,,,,,,11.0,2.0,105.0,52.5,9.5,93.0,2.0,9.0,37.0,597.0,16.1,66.3,71.0,3.0
72.0,210,10.0,229.0,1487.0,6.5,148.7,56.0,10.0,13.0,9.0,117.0,998.0,8.5,110.9,80.0,4.0,8.0,11.0,141.0,650.0,4.6,59.1,30.0,2.0,9.0,10.0,6.0,101.0,16.8,10.1,31.0,0.0,9.0,8.0,97.0,12.1,10.8,39.0,0.0,,,,,,,
72.0,230,10.0,44.0,169.0,3.8,16.9,25.0,0.0,0.0,10.0,19.0,212.0,11.2,21.2,75.0,1.0,1.0,1.0,2.0,21.0,10.5,21.0,21.0,0.0,0.0,10.0,36.0,668.0,18.6,66.8,70.0,5.0,10.0,63.0,993.0,15.8,99.3,74.0,10.0,1.0,1.0,14.0,14.0,14.0,14.0,0.0
73.0,194,10.0,179.0,1359.0,7.6,135.9,75.0,8.0,23.0,11.0,196.0,1307.0,6.7,118.8,59.0,6.0,13.0,12.0,72.0,403.0,5.6,33.6,74.0,1.0,6.0,10.0,15.0,238.0,15.9,23.8,48.0,1.0,11.0,8.0,65.0,8.1,5.9,19.0,1.0,12.0,2.0,67.0,33.5,5.6,66.0,0.0
69.0,170,9.0,156.0,1582.0,10.1,175.8,73.0,8.0,27.0,6.0,37.0,336.0,9.1,56.0,17.0,1.0,3.0,10.0,90.0,996.0,11.1,99.6,93.0,6.0,12.0,9.0,16.0,228.0,14.3,25.3,72.0,2.0,6.0,10.0,102.0,10.2,17.0,26.0,3.0,10.0,14.0,202.0,14.4,20.2,60.0,1.0
70.0,242,13.0,119.0,1337.0,11.2,102.8,93.0,5.0,17.0,13.0,103.0,1193.0,11.6,91.8,67.0,4.0,18.0,,,,,,,,,13.0,20.0,464.0,23.2,35.7,72.0,6.0,13.0,6.0,80.0,13.3,6.2,31.0,2.0,,,,,,,
72.0,190,11.0,219.0,2917.0,13.3,265.2,85.0,11.0,37.0,13.0,47.0,421.0,9.0,32.4,55.0,1.0,4.0,9.0,29.0,147.0,5.1,16.3,30.0,0.0,2.0,11.0,3.0,81.0,27.0,7.4,65.0,1.0,13.0,38.0,767.0,20.2,59.0,77.0,9.0,9.0,22.0,370.0,16.8,41.1,60.0,4.0
72.0,230,11.0,74.0,378.0,5.1,34.4,35.0,1.0,4.0,12.0,43.0,293.0,6.8,24.4,29.0,0.0,8.0,,,,,,,,,11.0,6.0,58.0,9.7,5.3,28.0,0.0,12.0,2.0,10.0,5.0,0.8,7.0,0.0,,,,,,,
72.0,196,12.0,215.0,1773.0,8.2,147.8,99.0,11.0,32.0,8.0,162.0,1399.0,8.6,174.9,80.0,8.0,13.0,7.0,127.0,914.0,7.2,130.6,90.0,6.0,10.0,12.0,8.0,79.0,9.9,6.6,0.0,1.0,8.0,9.0,118.0,13.1,14.8,0.0,0.0,7.0,10.0,67.0,6.7,9.6,0.0,1.0
72.5,217,11.0,224.0,1259.0,5.6,114.5,56.0,5.0,21.0,12.0,90.0,542.0,6.0,45.2,0.0,2.0,11.0,11.0,71.0,404.0,5.7,36.7,11.0,2.0,5.0,11.0,12.0,162.0,13.5,14.7,62.0,1.0,12.0,2.0,18.0,9.0,1.5,0.0,0.0,11.0,1.0,6.0,6.0,0.5,0.0,0.0
68.0,165,13.0,111.0,989.0,8.9,76.1,94.0,3.0,17.0,14.0,159.0,920.0,5.8,65.7,66.0,2.0,12.0,14.0,89.0,762.0,8.56,54.4,67.0,,12.0,13.0,13.0,134.0,10.3,10.3,42.0,1.0,14.0,11.0,172.0,15.6,12.3,75.0,2.0,14.0,2.0,12.0,6.0,0.9,9.0,0.0
71.0,200,,,,,,,,,9.0,205.0,1239.0,6.0,137.7,0.0,3.0,14.0,10.0,94.0,625.0,6.6,62.5,69.0,2.0,8.0,,,,,,,,9.0,2.0,10.0,5.0,1.1,0.0,0.0,10.0,2.0,4.0,2.0,0.4,0.0,0.0
72.0,205,12.0,48.0,156.0,3.3,13.0,18.0,0.0,8.0,11.0,84.0,358.0,4.26,32.5,28.0,,6.0,8.0,53.0,259.0,4.89,32.4,20.0,,8.0,12.0,14.0,223.0,15.9,18.6,49.0,2.0,11.0,15.0,206.0,13.73,18.7,63.0,2.0,,,,,,,
70.0,210,8.0,88.0,730.0,8.3,91.3,80.0,4.0,7.0,13.0,72.0,786.0,10.9,60.5,79.0,2.0,16.0,12.0,103.0,1090.0,10.58,90.8,88.0,,19.0,8.0,3.0,32.0,10.7,4.0,27.0,0.0,13.0,8.0,251.0,31.4,19.3,76.0,3.0,12.0,7.0,136.0,19.43,11.3,39.0,1.0
72.0,200,14.0,285.0,1655.0,5.8,118.2,72.0,9.0,25.0,9.0,115.0,635.0,5.52,70.6,76.0,,10.0,10.0,95.0,494.0,5.2,49.4,45.0,,6.0,14.0,44.0,575.0,13.1,41.1,56.0,5.0,9.0,38.0,522.0,13.74,58.0,46.0,6.0,10.0,25.0,287.0,11.48,28.7,56.0,3.0
70.0,170,11.0,120.0,962.0,8.0,87.5,80.0,5.0,16.0,4.0,71.0,281.0,4.0,70.3,23.0,0.0,0.0,,,,,,,,,11.0,20.0,294.0,14.7,26.7,72.0,2.0,4.0,11.0,64.0,5.8,16.0,30.0,1.0,,,,,,,
71.5,181,13.0,100.0,713.0,7.1,54.8,67.0,2.0,10.0,14.0,51.0,285.0,5.6,20.4,15.0,0.0,5.0,10.0,35.0,250.0,7.1,25.0,60.0,0.0,3.0,13.0,34.0,509.0,15.0,39.2,74.0,3.0,14.0,40.0,735.0,18.4,52.5,73.0,8.0,10.0,26.0,284.0,10.9,28.4,48.0,4.0
69.5,161,14.0,131.0,886.0,6.8,63.3,84.0,4.0,16.0,11.0,70.0,464.0,6.6,42.2,80.0,1.0,10.0,14.0,61.0,336.0,5.5,24.0,39.0,0.0,7.0,,,,,,,,,,,,,,,,,,,,,
70.0,185,11.0,291.0,1914.0,6.6,174.0,88.0,9.0,25.0,10.0,160.0,1231.0,7.7,123.1,91.0,6.0,12.0,,,,,,,,,11.0,24.0,386.0,16.1,35.1,77.0,3.0,10.0,14.0,172.0,12.3,17.2,45.0,1.0,,,,,,,
71.0,190,,,,,,,,,12.0,83.0,453.0,5.5,37.8,27.0,1.0,2.0,8.0,23.0,163.0,7.1,20.4,25.0,0.0,3.0,,,,,,,,12.0,15.0,187.0,12.5,15.6,30.0,2.0,8.0,12.0,142.0,11.8,17.8,30.0,1.0
70.0,198,11.0,104.0,821.0,7.9,74.6,0.0,3.0,10.0,15.0,82.0,729.0,8.9,48.6,11.0,2.0,15.0,7.0,18.0,99.0,5.5,14.1,0.0,0.0,1.0,11.0,4.0,78.0,19.5,7.1,0.0,0.0,15.0,1.0,35.0,35.0,2.3,0.0,0.0,,,,,,,
74.0,225,7.0,150.0,1007.0,6.7,143.9,80.0,5.0,11.0,10.0,137.0,1606.0,11.7,160.6,76.0,4.0,17.0,,,,,,,,,7.0,8.0,110.0,13.8,15.7,73.0,1.0,10.0,7.0,93.0,13.3,9.3,26.0,1.0,,,,,,,
70.5,180,1.0,17.0,38.0,2.2,38.0,22.0,0.0,1.0,10.0,119.0,1159.0,9.7,115.9,0.0,1.0,15.0,10.0,98.0,560.0,5.7,56.0,0.0,2.0,5.0,,,,,,,,10.0,1.0,32.0,32.0,3.2,0.0,0.0,,,,,,,
70.0,180,14.0,52.0,246.0,4.7,17.6,55.0,0.0,5.0,11.0,159.0,901.0,5.7,81.9,80.0,0.0,12.0,14.0,155.0,869.0,5.6,62.1,29.0,0.0,10.0,14.0,8.0,77.0,9.6,5.5,33.0,1.0,11.0,24.0,387.0,16.1,35.2,59.0,5.0,14.0,39.0,429.0,11.0,30.6,48.0,5.0
72.0,190,16.0,379.0,3839.0,10.1,239.9,98.0,16.0,55.0,12.0,51.0,441.0,8.6,36.8,71.0,2.0,9.0,6.0,41.0,347.0,8.5,57.8,0.0,1.0,4.0,16.0,12.0,140.0,11.7,8.8,26.0,1.0,12.0,2.0,5.0,2.5,0.4,1.0,1.0,6.0,2.0,47.0,23.5,7.8,0.0,0.0
71.0,208,9.0,100.0,599.0,6.0,66.6,33.0,3.0,7.0,3.0,51.0,177.0,3.5,59.0,19.0,1.0,1.0,,,,,,,,,9.0,5.0,95.0,19.0,10.6,35.0,1.0,,,,,,,,,,,,,,
69.0,185,10.0,77.0,423.0,5.5,42.3,93.0,1.0,1.0,12.0,115.0,985.0,8.6,82.1,81.0,3.0,12.0,10.0,28.0,167.0,6.0,16.7,36.0,0.0,3.0,,,,,,,,12.0,1.0,3.0,3.0,0.3,3.0,0.0,,,,,,,
73.0,190,1.0,18.0,140.0,7.8,140.0,75.0,1.0,1.0,1.0,15.0,120.0,8.0,120.0,74.0,1.0,2.0,,,,,,,,,1.0,3.0,44.0,14.7,44.0,33.0,0.0,,,,,,,,,,,,,,
72.0,210,7.0,95.0,646.0,6.8,92.3,78.0,3.0,5.0,15.0,155.0,1138.0,7.3,75.9,94.0,4.0,10.0,10.0,18.0,113.0,6.3,11.3,26.0,0.0,0.0,7.0,11.0,192.0,17.5,27.4,58.0,2.0,15.0,18.0,256.0,14.2,17.1,65.0,2.0,10.0,22.0,411.0,18.7,41.1,44.0,5.0
73.0,210,11.0,185.0,1381.0,7.5,125.5,59.0,3.0,19.0,11.0,217.0,1824.0,8.41,165.8,72.0,,23.0,11.0,71.0,340.0,4.79,30.9,70.0,,4.0,,,,,,,,11.0,5.0,81.0,16.2,7.4,36.0,0.0,11.0,4.0,19.0,4.75,1.7,0.0,1.0
73.0,225,14.0,73.0,426.0,5.8,30.4,83.0,0.0,14.0,11.0,109.0,871.0,8.0,79.2,88.0,3.0,12.0,11.0,125.0,771.0,6.2,70.1,50.0,3.0,14.0,14.0,73.0,1225.0,16.8,87.5,67.0,16.0,11.0,70.0,1288.0,18.4,117.1,69.0,8.0,11.0,19.0,280.0,14.7,25.5,39.0,4.0
70.0,184,5.0,58.0,430.0,7.4,86.0,65.0,3.0,5.0,8.0,101.0,763.0,7.6,95.4,65.0,4.0,6.0,,,,,,,,,5.0,13.0,260.0,20.0,52.0,72.0,2.0,,,,,,,,,,,,,,
73.0,220,12.0,145.0,1316.0,9.1,109.7,88.0,8.0,16.0,12.0,139.0,1286.0,9.3,107.2,75.0,6.0,20.0,10.0,137.0,1016.0,7.4,101.6,66.0,6.0,9.0,12.0,3.0,146.0,48.7,12.2,69.0,1.0,12.0,5.0,55.0,11.0,4.6,29.0,1.0,10.0,10.0,192.0,19.2,19.2,45.0,2.0
73.0,210,,,,,,,,,8.0,148.0,1953.0,13.2,244.1,97.0,7.0,20.0,10.0,60.0,503.0,8.4,50.3,60.0,2.0,10.0,,,,,,,,8.0,14.0,180.0,12.9,22.5,50.0,2.0,10.0,24.0,263.0,11.0,26.3,49.0,1.0
69.0,170,9.0,133.0,1237.0,9.3,137.4,80.0,6.0,12.0,11.0,117.0,1019.0,8.71,92.6,70.0,,10.0,,,,,,,,,9.0,5.0,45.0,9.0,5.0,12.0,0.0,11.0,6.0,48.0,8.0,4.4,9.0,0.0,,,,,,,
72.5,190,12.0,264.0,2795.0,10.6,232.9,0.0,9.0,32.0,11.0,188.0,1910.0,10.16,173.6,0.0,,33.0,10.0,115.0,977.0,8.5,97.7,87.0,,14.0,12.0,6.0,39.0,6.5,3.3,0.0,11.0,6.0,208.0,34.67,18.9,0.0,4.0,10.0,6.0,17.0,2.83,1.7,13.0,0.0,
70.0,232,9.0,0.0,0.0,0.0,0.0,0.0,0.0,26.0,8.0,42.0,504.0,12.0,63.0,0.0,2.0,9.0,13.0,148.0,1834.0,12.39,141.1,99.0,,22.0,9.0,0.0,0.0,0.0,0.0,0.0,1.0,,,,,,,,13.0,4.0,126.0,31.5,9.7,32.0,1.0
70.0,180,9.0,64.0,558.0,8.7,62.0,25.0,1.0,11.0,10.0,97.0,1064.0,11.0,106.4,88.0,5.0,10.0,,,,,,,,,9.0,1.0,2.0,2.0,0.2,2.0,0.0,10.0,4.0,120.0,30.0,12.0,51.0,3.0,,,,,,,
71.0,185,7.0,97.0,957.0,9.9,136.7,82.0,4.0,12.0,12.0,232.0,1836.0,7.9,153.0,80.0,9.0,26.0,11.0,131.0,1066.0,8.1,96.9,74.0,4.0,12.0,,,,,,,,12.0,3.0,115.0,38.3,9.6,73.0,0.0,11.0,8.0,115.0,14.4,10.5,41.0,2.0
72.0,180,,,,,,,,,11.0,119.0,816.0,6.9,74.2,51.0,4.0,4.0,8.0,22.0,133.0,6.0,16.6,25.0,0.0,0.0,,,,,,,,11.0,4.0,56.0,14.0,5.1,20.0,1.0,,,,,,,
70.0,192,2.0,26.0,271.0,10.4,135.5,0.0,1.0,3.0,9.0,133.0,729.0,5.5,81.0,46.0,3.0,11.0,6.0,25.0,262.0,10.5,43.7,86.0,1.0,4.0,2.0,5.0,117.0,23.4,58.5,0.0,1.0,9.0,6.0,78.0,13.0,8.7,55.0,1.0,,,,,,,
72.0,190,,,,,,,,,10.0,62.0,498.0,8.03,49.8,59.0,,5.0,8.0,45.0,320.0,7.11,40.0,36.0,,4.0,,,,,,,,10.0,10.0,281.0,28.1,28.1,68.0,3.0,8.0,4.0,60.0,15.0,7.5,35.0,0.0
74.0,195,8.0,41.0,526.0,12.8,65.8,83.0,1.0,6.0,13.0,37.0,363.0,9.8,27.9,46.0,1.0,3.0,10.0,55.0,376.0,6.8,37.6,34.0,0.0,2.0,8.0,10.0,379.0,37.9,47.4,78.0,4.0,13.0,20.0,382.0,19.1,29.4,78.0,6.0,10.0,10.0,102.0,10.2,10.2,50.0,1.0
73.0,215,13.0,163.0,1294.0,7.9,99.5,96.0,5.0,23.0,10.0,59.0,664.0,11.3,66.4,81.0,3.0,12.0,9.0,39.0,206.0,5.3,22.9,28.0,0.0,2.0,13.0,1.0,11.0,11.0,0.8,11.0,0.0,10.0,1.0,15.0,15.0,1.5,15.0,0.0,,,,,,,
71.0,190,13.0,214.0,2469.0,11.5,189.9,91.0,12.0,33.0,12.0,287.0,2337.0,8.1,194.8,87.0,11.0,28.0,11.0,251.0,1728.0,6.9,157.1,78.0,9.0,18.0,13.0,6.0,46.0,7.7,3.5,24.0,0.0,12.0,11.0,159.0,14.5,13.3,72.0,0.0,11.0,7.0,85.0,12.1,7.7,26.0,1.0
71.0,199,11.0,199.0,1419.0,7.1,129.0,71.0,7.0,13.0,9.0,194.0,1430.0,7.4,158.9,75.0,7.0,19.0,8.0,92.0,555.0,6.0,69.4,66.0,2.0,9.0,11.0,10.0,128.0,12.8,11.6,35.0,2.0,9.0,7.0,24.0,3.4,2.7,13.0,1.0,8.0,18.0,171.0,9.5,21.4,54.0,2.0
69.5,198,11.0,157.0,999.0,6.4,90.8,39.0,5.0,10.0,13.0,300.0,1822.0,6.1,140.2,51.0,10.0,17.0,11.0,33.0,192.0,5.8,17.5,0.0,0.0,2.0,11.0,35.0,385.0,11.0,35.0,62.0,8.0,13.0,20.0,322.0,16.1,24.8,79.0,5.0,11.0,13.0,130.0,10.0,11.8,32.0,0.0
69.0,180,11.0,301.0,1493.0,5.0,135.7,38.0,9.0,20.0,10.0,272.0,1381.0,5.1,138.1,60.0,6.0,13.0,11.0,264.0,1181.0,4.47,107.4,80.0,,11.0,11.0,17.0,171.0,10.1,15.5,40.0,0.0,10.0,29.0,349.0,12.0,34.9,30.0,2.0,11.0,14.0,268.0,19.14,24.4,53.0,1.0
71.0,187,14.0,309.0,3143.0,10.2,224.5,86.0,13.0,45.0,11.0,225.0,1614.0,7.2,146.7,68.0,8.0,25.0,8.0,67.0,479.0,7.1,59.9,62.0,1.0,4.0,14.0,9.0,205.0,22.8,14.6,63.0,4.0,11.0,8.0,121.0,15.1,11.0,81.0,1.0,8.0,1.0,3.0,3.0,0.4,3.0,0.0
68.0,168,13.0,294.0,2239.0,7.6,172.2,85.0,11.0,33.0,12.0,236.0,1584.0,6.7,132.0,32.0,10.0,23.0,10.0,188.0,955.0,5.1,95.5,0.0,5.0,10.0,13.0,13.0,205.0,15.8,15.8,73.0,2.0,12.0,18.0,295.0,16.4,24.6,60.0,4.0,10.0,12.0,174.0,14.5,17.4,0.0,3.0
72.0,190,15.0,251.0,2388.0,9.5,159.2,99.0,12.0,29.0,11.0,132.0,1133.0,8.6,103.0,70.0,4.0,16.0,6.0,91.0,559.0,6.1,93.2,60.0,3.0,1.0,15.0,17.0,275.0,16.2,18.3,45.0,2.0,11.0,26.0,361.0,13.9,32.8,62.0,3.0,6.0,7.0,51.0,7.3,8.5,23.0,0.0
74.0,195,13.0,185.0,1535.0,8.3,118.1,71.0,10.0,16.0,13.0,16.0,196.0,12.3,15.1,80.0,1.0,2.0,12.0,2.0,-3.0,-1.5,-0.3,1.0,0.0,0.0,13.0,18.0,172.0,9.6,13.2,24.0,0.0,13.0,21.0,284.0,13.5,21.8,47.0,4.0,12.0,36.0,359.0,10.0,29.9,26.0,1.0
70.0,180,9.0,203.0,1943.0,9.6,215.9,77.0,7.0,25.0,12.0,328.0,2561.0,7.8,213.4,0.0,11.0,31.0,10.0,267.0,1860.0,6.97,186.0,87.0,,15.0,9.0,11.0,123.0,11.2,13.7,0.0,1.0,12.0,26.0,177.0,6.8,14.8,0.0,2.0,10.0,15.0,138.0,9.2,13.8,35.0,0.0
69.0,175,14.0,249.0,2147.0,8.6,153.4,93.0,13.0,37.0,11.0,188.0,1141.0,6.1,103.7,83.0,4.0,18.0,12.0,173.0,788.0,4.56,65.7,51.0,,9.0,14.0,28.0,306.0,10.9,21.9,63.0,4.0,11.0,44.0,553.0,12.6,50.3,73.0,6.0,12.0,73.0,974.0,13.34,81.2,48.0,12.0
